"algorithm","accuracy"
"Decision Tree","0.6511786812435942"
"K-Nearest Neighbors","0.5806286299965835"
"Logistic Regression","0.666325019929393"
"Naive Bayes","0.48098166495843303"
"Support Vector Machines","0.6482746839767679"
"Decision Stump","0.5948069695934404"
"Random Forests","0.6470219792734312"
"Multilayer Perceptron","0.5568841817560642"
