"algorithm","accuracy"
"Decision Tree","0.783046997018316"
"K-Nearest Neighbors","0.7167400255572909"
"Logistic Regression","0.8046287093568081"
"Naive Bayes","0.7261110322305835"
"Decision Stump","0.7346301292063042"
"Random Forests","0.7860286809598181"
"Support Vector Machines","0.7992332812721851"
"Multilayer Perceptron","0.7481186994178617"
